{"results":{"time":{"seconds":51.715400399,"milliseconds":51715.400399,"nanoseconds":51715400399},"X":[1,2,3],"Y":[1,2,3,4],"Z":[1,2,3,4],"subsetT":[[2,3,4],[3,4,1],[3,2,1],[2,4,4],[3,4,1],[2,2,2],[3,3,2],[2,2,3],[1,3,2],[3,1,2]],"uniqueSolutions":[[[2,3,4],[3,4,1]],[[2,3,4],[3,2,1]],[[2,3,4],[3,1,2]],[[3,4,1],[2,3,4]],[[3,4,1],[2,2,2]],[[3,4,1],[2,2,3],[1,3,2]],[[3,4,1],[1,3,2],[2,2,3]],[[3,2,1],[2,3,4]],[[3,2,1],[2,4,4],[1,3,2]],[[3,2,1],[1,3,2],[2,4,4]],[[2,4,4],[3,2,1],[1,3,2]],[[2,4,4],[3,3,2]],[[2,4,4],[1,3,2],[3,2,1]],[[2,4,4],[3,1,2]],[[2,2,2],[3,4,1]],[[3,3,2],[2,4,4]],[[3,3,2],[2,2,3]],[[2,2,3],[3,4,1],[1,3,2]],[[2,2,3],[3,3,2]],[[2,2,3],[1,3,2],[3,4,1]],[[2,2,3],[3,1,2]],[[1,3,2],[3,4,1],[2,2,3]],[[1,3,2],[3,2,1],[2,4,4]],[[1,3,2],[2,4,4],[3,2,1]],[[1,3,2],[2,2,3],[3,4,1]],[[3,1,2],[2,3,4]],[[3,1,2],[2,4,4]],[[3,1,2],[2,2,3]]]},"solutionRatings":[2,2,2,2,2,3,3,2,3,3,3,2,3,2,2,2,2,3,2,3,2,3,3,3,3,2,2,2]}