{"results":{"time":{"seconds":831.774639199,"milliseconds":831774.639199,"nanoseconds":831774639199},"X":[1,2,3],"Y":[1,2,3,4],"Z":[1,2,3,4],"subsetT":[[2,3,4],[3,4,1],[3,2,1],[2,4,4],[1,1,1],[2,2,2],[3,3,2],[2,2,3],[1,3,2],[3,1,2],[3,3,3]],"uniqueSolutions":[[[2,3,4],[3,4,1]],[[2,3,4],[3,2,1]],[[2,3,4],[1,1,1]],[[2,3,4],[3,1,2]],[[3,4,1],[2,3,4]],[[3,4,1],[2,2,2]],[[3,4,1],[2,2,3],[1,3,2]],[[3,4,1],[1,3,2],[2,2,3]],[[3,2,1],[2,3,4]],[[3,2,1],[2,4,4],[1,3,2]],[[3,2,1],[1,3,2],[2,4,4]],[[2,4,4],[3,2,1],[1,3,2]],[[2,4,4],[1,1,1],[3,3,2]],[[2,4,4],[1,1,1],[3,3,3]],[[2,4,4],[3,3,2],[1,1,1]],[[2,4,4],[1,3,2],[3,2,1]],[[2,4,4],[3,1,2]],[[2,4,4],[3,3,3],[1,1,1]],[[1,1,1],[2,3,4]],[[1,1,1],[2,4,4],[3,3,2]],[[1,1,1],[2,4,4],[3,3,3]],[[1,1,1],[2,2,2],[3,3,3]],[[1,1,1],[3,3,2],[2,4,4]],[[1,1,1],[3,3,2],[2,2,3]],[[1,1,1],[2,2,3],[3,3,2]],[[1,1,1],[3,3,3],[2,4,4]],[[1,1,1],[3,3,3],[2,2,2]],[[2,2,2],[3,4,1]],[[2,2,2],[1,1,1],[3,3,3]],[[2,2,2],[3,3,3],[1,1,1]],[[3,3,2],[2,4,4],[1,1,1]],[[3,3,2],[1,1,1],[2,4,4]],[[3,3,2],[1,1,1],[2,2,3]],[[3,3,2],[2,2,3],[1,1,1]],[[2,2,3],[3,4,1],[1,3,2]],[[2,2,3],[1,1,1],[3,3,2]],[[2,2,3],[3,3,2],[1,1,1]],[[2,2,3],[1,3,2],[3,4,1]],[[2,2,3],[3,1,2]],[[1,3,2],[3,4,1],[2,2,3]],[[1,3,2],[3,2,1],[2,4,4]],[[1,3,2],[2,4,4],[3,2,1]],[[1,3,2],[2,2,3],[3,4,1]],[[3,1,2],[2,3,4]],[[3,1,2],[2,4,4]],[[3,1,2],[2,2,3]],[[3,3,3],[2,4,4],[1,1,1]],[[3,3,3],[1,1,1],[2,4,4]],[[3,3,3],[1,1,1],[2,2,2]],[[3,3,3],[2,2,2],[1,1,1]]]},"solutionRatings":[2,2,2,2,2,2,3,3,2,3,3,3,3,3,3,3,2,3,2,3,3,3,3,3,3,3,3,2,3,3,3,3,3,3,3,3,3,3,2,3,3,3,3,2,2,2,3,3,3,3]}