{"results":{"time":{"seconds":29.204007802,"milliseconds":29204.007802,"nanoseconds":29204007802},"X":[1,2,3],"Y":[1,2,3,4],"Z":[1,2,3,4],"subsetT":[[2,1,3],[3,4,3],[3,1,2],[3,1,4],[2,1,3],[1,2,4],[3,2,4],[3,2,1],[2,1,4],[2,4,2]],"uniqueSolutions":[[[2,1,3],[1,2,4]],[[2,1,3],[3,2,4]],[[2,1,3],[3,2,1]],[[3,4,3],[1,2,4]],[[3,4,3],[2,1,4]],[[3,1,2],[1,2,4]],[[3,1,4],[2,4,2]],[[1,2,4],[2,1,3]],[[1,2,4],[3,4,3]],[[1,2,4],[3,1,2]],[[1,2,4],[2,4,2]],[[3,2,4],[2,1,3]],[[3,2,4],[2,4,2]],[[3,2,1],[2,1,3]],[[3,2,1],[2,1,4]],[[3,2,1],[2,4,2]],[[2,1,4],[3,4,3]],[[2,1,4],[3,2,1]],[[2,4,2],[3,1,4]],[[2,4,2],[1,2,4]],[[2,4,2],[3,2,4]],[[2,4,2],[3,2,1]]]},"solutionRatings":[2,2,2,2,2,2,2,2,2,2,2,2,2,2,2,2,2,2,2,2,2,2]}