{"results":{"time":{"seconds":0.002713299,"milliseconds":2.713299,"nanoseconds":2713299},"X":[1,2,3],"Y":[1,2,3],"Z":[1,2,3,4],"subsetT":[[1,2,2],[2,1,1],[3,2,3],[1,3,3],[3,3,4]],"uniqueSolutions":[[[1,2,2],[2,1,1],[3,3,4]],[[1,2,2],[3,3,4],[2,1,1]],[[2,1,1],[1,2,2],[3,3,4]],[[2,1,1],[3,2,3]],[[2,1,1],[1,3,3]],[[2,1,1],[3,3,4],[1,2,2]],[[3,2,3],[2,1,1]],[[1,3,3],[2,1,1]],[[3,3,4],[1,2,2],[2,1,1]],[[3,3,4],[2,1,1],[1,2,2]]]},"solutionRatings":[3,3,3,2,2,3,2,2,3,3]}