{"results":{"time":{"seconds":40.127871886,"milliseconds":40127.871886,"nanoseconds":40127871886},"X":[1,2,3,4],"Y":[1,2,3,4],"Z":[1,2,3,4],"subsetT":[[3,2,1],[2,2,1],[3,3,2],[1,2,1],[3,1,3],[1,3,2],[2,2,3],[3,2,3],[4,1,1],[2,1,1]],"uniqueSolutions":[[[3,2,1],[1,3,2]],[[2,2,1],[3,3,2]],[[2,2,1],[3,1,3],[1,3,2]],[[2,2,1],[1,3,2],[3,1,3]],[[3,3,2],[2,2,1]],[[3,3,2],[1,2,1]],[[3,3,2],[2,2,3],[4,1,1]],[[3,3,2],[4,1,1],[2,2,3]],[[3,3,2],[2,1,1]],[[1,2,1],[3,3,2]],[[1,2,1],[3,1,3]],[[3,1,3],[2,2,1],[1,3,2]],[[3,1,3],[1,2,1]],[[3,1,3],[1,3,2],[2,2,1]],[[1,3,2],[3,2,1]],[[1,3,2],[2,2,1],[3,1,3]],[[1,3,2],[3,1,3],[2,2,1]],[[1,3,2],[2,2,3],[4,1,1]],[[1,3,2],[3,2,3],[4,1,1]],[[1,3,2],[3,2,3],[2,1,1]],[[1,3,2],[4,1,1],[2,2,3]],[[1,3,2],[4,1,1],[3,2,3]],[[1,3,2],[2,1,1],[3,2,3]],[[2,2,3],[3,3,2],[4,1,1]],[[2,2,3],[1,3,2],[4,1,1]],[[2,2,3],[4,1,1],[3,3,2]],[[2,2,3],[4,1,1],[1,3,2]],[[3,2,3],[1,3,2],[4,1,1]],[[3,2,3],[1,3,2],[2,1,1]],[[3,2,3],[4,1,1],[1,3,2]],[[3,2,3],[2,1,1],[1,3,2]],[[4,1,1],[3,3,2],[2,2,3]],[[4,1,1],[1,3,2],[2,2,3]],[[4,1,1],[1,3,2],[3,2,3]],[[4,1,1],[2,2,3],[3,3,2]],[[4,1,1],[2,2,3],[1,3,2]],[[4,1,1],[3,2,3],[1,3,2]],[[2,1,1],[3,3,2]],[[2,1,1],[1,3,2],[3,2,3]],[[2,1,1],[3,2,3],[1,3,2]]]},"solutionRatings":[2,2,3,3,2,2,3,3,2,2,2,3,2,3,2,3,3,3,3,3,3,3,3,3,3,3,3,3,3,3,3,3,3,3,3,3,3,2,3,3]}